{
    "train": {
        "loss": 0.15608017953733602
    },
    "eval": {
        "loss": 4.845067411661148
    },
    "step": 29
}
