{
    "train": {
        "loss": 0.14992749535789093
    },
    "eval": {
        "loss": 3.9080689754337072
    },
    "step": 29
}
