{
    "train": {
        "loss": 0.15390314596394697
    },
    "eval": {
        "loss": 4.077743403613567
    },
    "step": 29
}
