{
    "train": {
        "loss": 0.14674832659463088
    },
    "eval": {
        "loss": 4.5950224585831165
    },
    "step": 29
}
